,Title,TrailerLink
0,Leave the World Behind,https://www.imdb.com/video/vi3508389657/?playlistId=tt12747748&ref_=tt_ov_vi
1,Animal,https://www.imdb.com/video/vi3071461145/?playlistId=tt13751694&ref_=tt_ov_vi
2,Wonka,https://www.imdb.com/video/vi2937440025/?playlistId=tt6166392&ref_=tt_ov_vi
3,Poor Things,https://www.imdb.com/video/vi2345322265/?playlistId=tt14230458&ref_=tt_ov_vi
4,Killers of the Flower Moon,https://www.imdb.com/video/vi784910105/?playlistId=tt5537002&ref_=tt_ov_vi
5,Godzilla Minus One,https://www.imdb.com/video/vi3157903129/?playlistId=tt23289160&ref_=tt_ov_vi
6,May December,https://www.imdb.com/video/vi752207641/?playlistId=tt13651794&ref_=tt_ov_vi
7,The Hunger Games: The Ballad of Songbirds & Snakes,https://www.imdb.com/video/vi936429337/?playlistId=tt10545296&ref_=tt_ov_vi
8,The Boy and the Heron,https://www.imdb.com/video/vi1914357529/?playlistId=tt6587046&ref_=tt_ov_vi
9,Napoleon,https://www.imdb.com/video/vi3694053145/?playlistId=tt13287846&ref_=tt_ov_vi
10,Oppenheimer,https://www.imdb.com/video/vi2053751833/?playlistId=tt15398776&ref_=tt_ov_vi
11,Civil War,https://www.imdb.com/video/vi2164770585/?playlistId=tt17279496&ref_=tt_ov_vi
12,Love Actually,https://www.imdb.com/video/vi3838289945/?playlistId=tt0314331&ref_=tt_ov_vi
13,Candy Cane Lane,https://www.imdb.com/video/vi507430681/?playlistId=tt21328106&ref_=tt_ov_vi
14,Home Alone,https://www.imdb.com/video/vi885244185/?playlistId=tt0099785&ref_=tt_ov_vi
15,Saltburn,https://www.imdb.com/video/vi3117074201/?playlistId=tt17351924&ref_=tt_ov_vi
16,IF,https://www.imdb.com/video/vi2970142489/?playlistId=tt11152168&ref_=tt_ov_vi
17,Barbie,https://www.imdb.com/video/vi945734681/?playlistId=tt1517268&ref_=tt_ov_vi
18,National Lampoon's Christmas Vacation,https://www.imdb.com/video/vi2862088473/?playlistId=tt0097958&ref_=tt_ov_vi
19,Rebel Moon: Part One - A Child of Fire,https://www.imdb.com/video/vi2015676185/?playlistId=tt14998742&ref_=tt_ov_vi
20,The Family Plan,https://www.imdb.com/video/vi3057370905/?playlistId=tt16431870&ref_=tt_ov_vi
21,The Holdovers,https://www.imdb.com/video/vi2626930457/?playlistId=tt14849194&ref_=tt_ov_vi
22,Family Switch,https://www.imdb.com/video/vi3744909081/?playlistId=tt14227048&ref_=tt_ov_vi
23,The Archies,https://www.imdb.com/video/vi3443443481/?playlistId=tt15979666&ref_=tt_ov_vi
24,Indiana Jones and the Dial of Destiny,https://www.imdb.com/video/vi1610925081/?playlistId=tt1462764&ref_=tt_ov_vi
25,Elf,https://www.imdb.com/video/vi1804846361/?playlistId=tt0319343&ref_=tt_ov_vi
26,How the Grinch Stole Christmas,https://www.imdb.com/video/vi4248618777/?playlistId=tt0170016&ref_=tt_ov_vi
27,Kung Fu Panda 4,https://www.imdb.com/video/vi2399651609/?playlistId=tt21692408&ref_=tt_ov_vi
28,Maestro,https://www.imdb.com/video/vi1211156249/?playlistId=tt5535276&ref_=tt_ov_vi
29,Mr. Monk's Last Case: A Monk Movie,https://www.imdb.com/video/vi809420569/?playlistId=tt27145269&ref_=tt_ov_vi
30,The Iron Claw,https://www.imdb.com/video/vi2915223321/?playlistId=tt21064584&ref_=tt_ov_vi
31,Leo,https://www.imdb.com/video/vi4123248409/?playlistId=tt5755238&ref_=tt_ov_vi
32,Fast Charlie,https://www.imdb.com/video/vi3123431193/?playlistId=tt6722400&ref_=tt_ov_vi
33,Anyone But You,https://www.imdb.com/video/vi3341403929/?playlistId=tt26047818&ref_=tt_ov_vi
34,Beverly Hills Cop: Axel F,https://www.imdb.com/video/vi3205023513/?playlistId=tt3083016&ref_=tt_ov_vi
35,Dune: Part Two,https://www.imdb.com/video/vi3137783577/?playlistId=tt15239678&ref_=tt_ov_vi
36,The Creator,https://www.imdb.com/video/vi3790980889/?playlistId=tt11858890&ref_=tt_ov_vi
37,The Grinch,https://www.imdb.com/video/vi1565047577/?playlistId=tt2709692&ref_=tt_ov_vi
38,Chicken Run: Dawn of the Nugget,https://www.imdb.com/video/vi1848166169/?playlistId=tt8337264&ref_=tt_ov_vi
39,Aquaman and the Lost Kingdom,https://www.imdb.com/video/vi2014496537/?playlistId=tt9663764&ref_=tt_ov_vi
40,Die Hard,https://www.imdb.com/video/vi3895704089/?playlistId=tt0095016&ref_=tt_ov_vi
41,The Killer,https://www.imdb.com/video/vi2938685209/?playlistId=tt1136617&ref_=tt_ov_vi
42,The Super Mario Bros. Movie,https://www.imdb.com/video/vi1463075865/?playlistId=tt6718170&ref_=tt_ov_vi
43,Furiosa: A Mad Max Saga,https://www.imdb.com/video/vi1847248665/?playlistId=tt12037194&ref_=tt_ov_vi
44,Violent Night,https://www.imdb.com/video/vi967951641/?playlistId=tt12003946&ref_=tt_ov_vi
45,Anatomy of a Fall,https://www.imdb.com/video/vi3689989913/?playlistId=tt17009710&ref_=tt_ov_vi
46,Home Alone 2: Lost in New York,https://www.imdb.com/video/vi1197259545/?playlistId=tt0104431&ref_=tt_ov_vi
47,A Haunting in Venice,https://www.imdb.com/video/vi1670760217/?playlistId=tt22687790&ref_=tt_ov_vi
48,The Marvels,https://www.imdb.com/video/vi2101135129/?playlistId=tt10676048&ref_=tt_ov_vi
49,Wish,https://www.imdb.com/video/vi2144782105/?playlistId=tt11304740&ref_=tt_ov_vi
50,The Polar Express,https://www.imdb.com/video/vi2954167065/?playlistId=tt0338348&ref_=tt_ov_vi
51,Miller's Girl,https://www.imdb.com/video/vi3506947865/?playlistId=tt8310486&ref_=tt_ov_vi
52,It's a Wonderful Life,https://www.imdb.com/video/vi1101988121/?playlistId=tt0038650&ref_=tt_ov_vi
53,Five Nights at Freddy's,https://www.imdb.com/video/vi889046809/?playlistId=tt4589218&ref_=tt_ov_vi
54,Silent Night,https://www.imdb.com/video/vi3671836441/?playlistId=tt15799866&ref_=tt_ov_vi
55,The Shift,https://www.imdb.com/video/vi756860697/?playlistId=tt19406606&ref_=tt_ov_vi
56,The Santa Clause,https://www.imdb.com/video/vi3843606297/?playlistId=tt0111070&ref_=tt_ov_vi
57,Christmas on Cherry Lane,https://www.imdb.com/video/vi1258473241/?playlistId=tt28287106&ref_=tt_ov_vi
58,White Christmas,https://www.imdb.com/video/vi1356988697/?playlistId=tt0047673&ref_=tt_ov_vi
59,Finestkind,https://www.imdb.com/video/vi2537015065/?playlistId=tt7991508&ref_=tt_ov_vi
60,Thanksgiving,https://www.imdb.com/video/vi1860486937/?playlistId=tt1448754&ref_=tt_ov_vi
61,The Holiday,https://www.imdb.com/video/vi3321037081/?playlistId=tt0457939&ref_=tt_ov_vi
62,The Hunger Games,https://www.imdb.com/video/vi3358368281/?playlistId=tt1392170&ref_=tt_ov_vi
63,The Boys in the Boat,https://www.imdb.com/video/vi2798307097/?playlistId=tt1856080&ref_=tt_ov_vi
64,A Christmas Story,https://www.imdb.com/video/vi3945971993/?playlistId=tt0085334&ref_=tt_ov_vi
65,The Color Purple,https://www.imdb.com/video/vi3003565849/?playlistId=tt1200263&ref_=tt_ov_vi
66,Willy Wonka & the Chocolate Factory,https://www.imdb.com/video/vi3360079641/?playlistId=tt0067992&ref_=tt_ov_vi
67,Past Lives,https://www.imdb.com/video/vi212714521/?playlistId=tt13238346&ref_=tt_ov_vi
68,Trolls Band Together,https://www.imdb.com/video/vi2297087769/?playlistId=tt14362112&ref_=tt_ov_vi
69,Godzilla x Kong: The New Empire,https://www.imdb.com/video/vi958252825/?playlistId=tt14539740&ref_=tt_ov_vi
70,Scrooged,https://www.imdb.com/video/vi4082477081/?playlistId=tt0096061&ref_=tt_ov_vi
71,Ferrari,https://www.imdb.com/video/vi1628423961/?playlistId=tt3758542&ref_=tt_ov_vi
72,What Every Frenchwoman Wants,Pas de lien disponible
73,No Hard Feelings,https://www.imdb.com/video/vi3394028569/?playlistId=tt15671028&ref_=tt_ov_vi
74,Charlie and the Chocolate Factory,https://www.imdb.com/video/vi2824447001/?playlistId=tt0367594&ref_=tt_ov_vi
75,Lady Ballers,https://www.imdb.com/video/vi3390752537/?playlistId=tt30216176&ref_=tt_ov_vi
76,X,https://www.imdb.com/video/vi2921579289/?playlistId=tt13560574&ref_=tt_ov_vi
77,Mission: Impossible - Dead Reckoning Part One,https://www.imdb.com/video/vi3500918553/?playlistId=tt9603212&ref_=tt_ov_vi
78,Spider-Man: Across the Spider-Verse,https://www.imdb.com/video/vi207143961/?playlistId=tt9362722&ref_=tt_ov_vi
79,The Zone of Interest,https://www.imdb.com/video/vi455067417/?playlistId=tt7160372&ref_=tt_ov_vi
80,Asteroid City,https://www.imdb.com/video/vi68666393/?playlistId=tt14230388&ref_=tt_ov_vi
81,Blue Beetle,https://www.imdb.com/video/vi1384695577/?playlistId=tt9362930&ref_=tt_ov_vi
82,Eileen,https://www.imdb.com/video/vi2351417113/?playlistId=tt5198890&ref_=tt_ov_vi
83,Love and Monsters,https://www.imdb.com/video/vi648266009/?playlistId=tt2222042&ref_=tt_ov_vi
84,Dune,https://www.imdb.com/video/vi3986080537/?playlistId=tt1160419&ref_=tt_ov_vi
85,Spirited,https://www.imdb.com/video/vi3902391577/?playlistId=tt10999120&ref_=tt_ov_vi
86,Miracle on 34th Street,https://www.imdb.com/video/vi3822781209/?playlistId=tt0110527&ref_=tt_ov_vi
87,Dream Scenario,https://www.imdb.com/video/vi3594307353/?playlistId=tt21942866&ref_=tt_ov_vi
88,Jingle All the Way,https://www.imdb.com/video/vi3794076441/?playlistId=tt0116705&ref_=tt_ov_vi
89,Priscilla,https://www.imdb.com/video/vi3284387609/?playlistId=tt22041854&ref_=tt_ov_vi
90,Talk to Me,https://www.imdb.com/video/vi3628712985/?playlistId=tt10638522&ref_=tt_ov_vi
91,The Batman,https://www.imdb.com/video/vi3215114777/?playlistId=tt1877830&ref_=tt_ov_vi
92,Everything Everywhere All at Once,https://www.imdb.com/video/vi1708573209/?playlistId=tt6710474&ref_=tt_ov_vi
93,Harry Potter and the Sorcerer's Stone,https://www.imdb.com/video/vi3115057433/?playlistId=tt0241527&ref_=tt_ov_vi
94,American Fiction,https://www.imdb.com/video/vi2014103321/?playlistId=tt23561236&ref_=tt_ov_vi
95,Interstellar,https://www.imdb.com/video/vi1586278169/?playlistId=tt0816692&ref_=tt_ov_vi
96,All of Us Strangers,https://www.imdb.com/video/vi835831577/?playlistId=tt21192142&ref_=tt_ov_vi
97,Migration,https://www.imdb.com/video/vi1244120857/?playlistId=tt6495056&ref_=tt_ov_vi
98,Genie,https://www.imdb.com/video/vi1295501081/?playlistId=tt24429218&ref_=tt_ov_vi
